minute_start_utc,in_count,out_count,naive_occupancy_end
2026-01-15T06:00:00Z,11,7,4
2026-01-15T06:01:00Z,5,8,1
2026-01-15T06:02:00Z,6,6,1
2026-01-15T06:03:00Z,6,11,-4
2026-01-15T06:04:00Z,14,7,3
2026-01-15T06:05:00Z,5,4,4
2026-01-15T06:06:00Z,3,6,1
2026-01-15T06:07:00Z,3,9,-5
2026-01-15T06:08:00Z,7,6,-4
2026-01-15T06:09:00Z,2,5,-7
2026-01-15T06:10:00Z,4,5,-8
2026-01-15T06:11:00Z,11,8,-5
2026-01-15T06:12:00Z,11,7,-1
2026-01-15T06:13:00Z,12,6,5
2026-01-15T06:14:00Z,2,7,0
2026-01-15T06:15:00Z,6,9,-3
2026-01-15T06:16:00Z,8,6,-1
2026-01-15T06:17:00Z,4,6,-3
2026-01-15T06:18:00Z,6,5,-2
2026-01-15T06:19:00Z,4,7,-5
2026-01-15T06:20:00Z,7,10,-8
2026-01-15T06:21:00Z,11,10,-7
2026-01-15T06:22:00Z,4,8,-11
2026-01-15T06:23:00Z,5,8,-14
2026-01-15T06:24:00Z,6,6,-14
2026-01-15T06:25:00Z,11,5,-8
2026-01-15T06:26:00Z,5,6,-9
2026-01-15T06:27:00Z,7,7,-9
2026-01-15T06:28:00Z,3,13,-19
2026-01-15T06:29:00Z,6,5,-18
2026-01-15T06:30:00Z,9,7,-16
2026-01-15T06:31:00Z,4,7,-19
2026-01-15T06:32:00Z,9,7,-17
2026-01-15T06:33:00Z,8,7,-16
2026-01-15T06:34:00Z,5,7,-18
2026-01-15T06:35:00Z,9,4,-13
2026-01-15T06:36:00Z,9,8,-12
2026-01-15T06:37:00Z,7,6,-11
2026-01-15T06:38:00Z,5,4,-10
2026-01-15T06:39:00Z,11,9,-8
2026-01-15T06:40:00Z,6,4,-6
2026-01-15T06:41:00Z,6,5,-5
2026-01-15T06:42:00Z,6,8,-7
2026-01-15T06:43:00Z,7,6,-6
2026-01-15T06:44:00Z,5,8,-9
2026-01-15T06:45:00Z,6,8,-11
2026-01-15T06:46:00Z,9,9,-11
2026-01-15T06:47:00Z,4,3,-10
2026-01-15T06:48:00Z,6,6,-10
2026-01-15T06:49:00Z,6,8,-12
2026-01-15T06:50:00Z,3,6,-15
2026-01-15T06:51:00Z,8,13,-20
2026-01-15T06:52:00Z,5,6,-21
2026-01-15T06:53:00Z,3,13,-31
2026-01-15T06:54:00Z,5,6,-32
2026-01-15T06:55:00Z,5,7,-34
2026-01-15T06:56:00Z,6,8,-36
2026-01-15T06:57:00Z,9,7,-34
2026-01-15T06:58:00Z,2,6,-38
2026-01-15T06:59:00Z,4,4,-38
2026-01-15T07:00:00Z,6,6,-38
2026-01-15T07:01:00Z,6,7,-39
2026-01-15T07:02:00Z,7,8,-40
2026-01-15T07:03:00Z,4,5,-41
2026-01-15T07:04:00Z,11,8,-38
2026-01-15T07:05:00Z,7,7,-38
2026-01-15T07:06:00Z,6,8,-40
2026-01-15T07:07:00Z,9,8,-39
2026-01-15T07:08:00Z,3,5,-41
2026-01-15T07:09:00Z,9,4,-36
2026-01-15T07:10:00Z,4,9,-41
2026-01-15T07:11:00Z,3,5,-43
2026-01-15T07:12:00Z,6,5,-42
2026-01-15T07:13:00Z,9,9,-42
2026-01-15T07:14:00Z,3,4,-43
2026-01-15T07:15:00Z,6,7,-44
2026-01-15T07:16:00Z,6,5,-43
2026-01-15T07:17:00Z,1,3,-45
2026-01-15T07:18:00Z,3,3,-45
2026-01-15T07:19:00Z,8,5,-42
2026-01-15T07:20:00Z,9,5,-38
2026-01-15T07:21:00Z,13,9,-34
2026-01-15T07:22:00Z,8,11,-37
2026-01-15T07:23:00Z,9,8,-36
2026-01-15T07:24:00Z,10,13,-39
2026-01-15T07:25:00Z,4,7,-42
2026-01-15T07:26:00Z,5,6,-43
2026-01-15T07:27:00Z,8,8,-43
2026-01-15T07:28:00Z,3,6,-46
2026-01-15T07:29:00Z,5,9,-50
2026-01-15T07:30:00Z,9,4,-45
2026-01-15T07:31:00Z,5,7,-47
2026-01-15T07:32:00Z,6,6,-47
2026-01-15T07:33:00Z,6,5,-46
2026-01-15T07:34:00Z,5,6,-47
2026-01-15T07:35:00Z,7,11,-51
2026-01-15T07:36:00Z,6,12,-57
2026-01-15T07:37:00Z,8,5,-54
2026-01-15T07:38:00Z,7,6,-53
2026-01-15T07:39:00Z,8,7,-52
2026-01-15T07:40:00Z,6,10,-56
2026-01-15T07:41:00Z,8,4,-52
2026-01-15T07:42:00Z,7,8,-53
2026-01-15T07:43:00Z,8,10,-55
2026-01-15T07:44:00Z,6,10,-59
2026-01-15T07:45:00Z,4,5,-60
2026-01-15T07:46:00Z,9,9,-60
2026-01-15T07:47:00Z,6,8,-62
2026-01-15T07:48:00Z,4,5,-63
2026-01-15T07:49:00Z,5,4,-62
2026-01-15T07:50:00Z,6,3,-59
2026-01-15T07:51:00Z,10,9,-58
2026-01-15T07:52:00Z,6,3,-55
2026-01-15T07:53:00Z,4,9,-60
2026-01-15T07:54:00Z,3,6,-63
2026-01-15T07:55:00Z,9,6,-60
2026-01-15T07:56:00Z,6,8,-62
2026-01-15T07:57:00Z,5,7,-64
2026-01-15T07:58:00Z,8,8,-64
2026-01-15T07:59:00Z,4,7,-67
2026-01-15T08:00:00Z,9,7,-65
2026-01-15T08:01:00Z,10,6,-61
2026-01-15T08:02:00Z,3,8,-66
2026-01-15T08:03:00Z,5,8,-69
2026-01-15T08:04:00Z,2,2,-69
2026-01-15T08:05:00Z,3,4,-70
2026-01-15T08:06:00Z,3,4,-71
2026-01-15T08:07:00Z,9,4,-66
2026-01-15T08:08:00Z,4,9,-71
2026-01-15T08:09:00Z,1,1,-71
2026-01-15T08:10:00Z,6,8,-73
2026-01-15T08:11:00Z,6,3,-70
2026-01-15T08:12:00Z,7,3,-66
2026-01-15T08:13:00Z,7,4,-63
2026-01-15T08:14:00Z,3,6,-66
2026-01-15T08:15:00Z,5,11,-72
2026-01-15T08:16:00Z,6,5,-71
2026-01-15T08:17:00Z,7,10,-74
2026-01-15T08:18:00Z,3,6,-77
2026-01-15T08:19:00Z,6,6,-77
2026-01-15T08:20:00Z,7,6,-76
2026-01-15T08:21:00Z,8,10,-78
2026-01-15T08:22:00Z,4,4,-78
2026-01-15T08:23:00Z,5,5,-78
2026-01-15T08:24:00Z,7,10,-81
2026-01-15T08:25:00Z,5,5,-81
2026-01-15T08:26:00Z,3,3,-81
2026-01-15T08:27:00Z,4,5,-82
2026-01-15T08:28:00Z,7,6,-81
2026-01-15T08:29:00Z,6,8,-83
2026-01-15T08:30:00Z,10,13,-86
2026-01-15T08:31:00Z,8,9,-87
2026-01-15T08:32:00Z,8,7,-86
2026-01-15T08:33:00Z,3,5,-88
2026-01-15T08:34:00Z,5,5,-88
2026-01-15T08:35:00Z,8,10,-90
2026-01-15T08:36:00Z,4,6,-92
2026-01-15T08:37:00Z,5,6,-93
2026-01-15T08:38:00Z,8,2,-87
2026-01-15T08:39:00Z,4,8,-91
2026-01-15T08:40:00Z,6,6,-91
2026-01-15T08:41:00Z,9,4,-86
2026-01-15T08:42:00Z,11,4,-79
2026-01-15T08:43:00Z,7,14,-86
2026-01-15T08:44:00Z,8,8,-86
2026-01-15T08:45:00Z,7,11,-90
2026-01-15T08:46:00Z,4,9,-95
2026-01-15T08:47:00Z,5,7,-97
2026-01-15T08:48:00Z,5,9,-101
2026-01-15T08:49:00Z,7,8,-102
2026-01-15T08:50:00Z,6,5,-101
2026-01-15T08:51:00Z,2,4,-103
2026-01-15T08:52:00Z,2,2,-103
2026-01-15T08:53:00Z,7,6,-102
2026-01-15T08:54:00Z,12,8,-98
2026-01-15T08:55:00Z,5,6,-99
2026-01-15T08:56:00Z,10,11,-100
2026-01-15T08:57:00Z,5,7,-102
2026-01-15T08:58:00Z,6,3,-99
2026-01-15T08:59:00Z,3,12,-108
2026-01-15T09:00:00Z,7,4,-105
2026-01-15T09:01:00Z,10,6,-101
2026-01-15T09:02:00Z,7,6,-100
2026-01-15T09:03:00Z,12,9,-97
2026-01-15T09:04:00Z,5,6,-98
2026-01-15T09:05:00Z,11,10,-97
2026-01-15T09:06:00Z,8,11,-100
2026-01-15T09:07:00Z,8,9,-101
2026-01-15T09:08:00Z,9,11,-103
2026-01-15T09:09:00Z,5,8,-106
2026-01-15T09:10:00Z,16,8,-98
2026-01-15T09:11:00Z,18,6,-86
2026-01-15T09:12:00Z,8,13,-91
2026-01-15T09:13:00Z,12,6,-85
2026-01-15T09:14:00Z,8,7,-84
2026-01-15T09:15:00Z,10,7,-81
2026-01-15T09:16:00Z,16,9,-74
2026-01-15T09:17:00Z,7,11,-78
2026-01-15T09:18:00Z,14,6,-70
2026-01-15T09:19:00Z,16,5,-59
2026-01-15T09:20:00Z,12,8,-55
2026-01-15T09:21:00Z,14,7,-48
2026-01-15T09:22:00Z,15,6,-39
2026-01-15T09:23:00Z,7,4,-36
2026-01-15T09:24:00Z,7,7,-36
2026-01-15T09:25:00Z,9,9,-36
2026-01-15T09:26:00Z,11,6,-31
2026-01-15T09:27:00Z,14,10,-27
2026-01-15T09:28:00Z,18,4,-13
2026-01-15T09:29:00Z,13,14,-14
2026-01-15T09:30:00Z,8,12,-18
2026-01-15T09:31:00Z,18,9,-9
2026-01-15T09:32:00Z,11,8,-6
2026-01-15T09:33:00Z,14,10,-2
2026-01-15T09:34:00Z,14,6,6
2026-01-15T09:35:00Z,2,7,1
2026-01-15T09:36:00Z,9,12,-2
2026-01-15T09:37:00Z,6,9,-5
2026-01-15T09:38:00Z,8,12,-9
2026-01-15T09:39:00Z,14,9,-4
2026-01-15T09:40:00Z,10,12,-6
2026-01-15T09:41:00Z,10,7,-3
2026-01-15T09:42:00Z,9,8,-2
2026-01-15T09:43:00Z,9,8,-1
2026-01-15T09:44:00Z,10,6,3
2026-01-15T09:45:00Z,5,14,-6
2026-01-15T09:46:00Z,10,7,-3
2026-01-15T09:47:00Z,12,9,0
2026-01-15T09:48:00Z,6,14,-8
2026-01-15T09:49:00Z,14,10,-4
2026-01-15T09:50:00Z,12,9,-1
2026-01-15T09:51:00Z,10,7,2
2026-01-15T09:52:00Z,4,4,2
2026-01-15T09:53:00Z,8,14,-4
2026-01-15T09:54:00Z,11,10,-3
2026-01-15T09:55:00Z,15,7,5
2026-01-15T09:56:00Z,11,6,10
2026-01-15T09:57:00Z,9,8,11
2026-01-15T09:58:00Z,15,8,18
2026-01-15T09:59:00Z,11,9,20
2026-01-15T10:00:00Z,13,13,20
2026-01-15T10:01:00Z,9,9,20
2026-01-15T10:02:00Z,11,7,24
2026-01-15T10:03:00Z,8,7,25
2026-01-15T10:04:00Z,8,11,22
2026-01-15T10:05:00Z,10,6,26
2026-01-15T10:06:00Z,11,7,30
2026-01-15T10:07:00Z,12,9,33
2026-01-15T10:08:00Z,10,8,35
2026-01-15T10:09:00Z,12,11,36
2026-01-15T10:10:00Z,15,8,43
2026-01-15T10:11:00Z,19,5,57
2026-01-15T10:12:00Z,5,11,51
2026-01-15T10:13:00Z,14,4,61
2026-01-15T10:14:00Z,13,12,62
2026-01-15T10:15:00Z,14,6,70
2026-01-15T10:16:00Z,9,6,73
2026-01-15T10:17:00Z,12,10,75
2026-01-15T10:18:00Z,6,6,75
2026-01-15T10:19:00Z,12,12,75
2026-01-15T10:20:00Z,12,7,80
2026-01-15T10:21:00Z,9,15,74
2026-01-15T10:22:00Z,6,9,71
2026-01-15T10:23:00Z,7,7,71
2026-01-15T10:24:00Z,7,11,67
2026-01-15T10:25:00Z,13,9,71
2026-01-15T10:26:00Z,13,11,73
2026-01-15T10:27:00Z,5,10,68
2026-01-15T10:28:00Z,9,11,66
2026-01-15T10:29:00Z,11,9,68
2026-01-15T10:30:00Z,11,12,67
2026-01-15T10:31:00Z,7,8,66
2026-01-15T10:32:00Z,5,6,65
2026-01-15T10:33:00Z,10,15,60
2026-01-15T10:34:00Z,14,8,66
2026-01-15T10:35:00Z,16,12,70
2026-01-15T10:36:00Z,14,10,74
2026-01-15T10:37:00Z,9,6,77
2026-01-15T10:38:00Z,8,10,75
2026-01-15T10:39:00Z,16,12,79
2026-01-15T10:40:00Z,11,12,78
2026-01-15T10:41:00Z,9,9,78
2026-01-15T10:42:00Z,7,11,74
2026-01-15T10:43:00Z,9,5,78
2026-01-15T10:44:00Z,10,13,75
2026-01-15T10:45:00Z,8,6,77
2026-01-15T10:46:00Z,10,10,77
2026-01-15T10:47:00Z,13,7,83
2026-01-15T10:48:00Z,10,10,83
2026-01-15T10:49:00Z,13,10,86
2026-01-15T10:50:00Z,8,8,86
2026-01-15T10:51:00Z,6,10,82
2026-01-15T10:52:00Z,14,11,85
2026-01-15T10:53:00Z,12,7,90
2026-01-15T10:54:00Z,8,9,89
2026-01-15T10:55:00Z,10,6,93
2026-01-15T10:56:00Z,6,7,92
2026-01-15T10:57:00Z,9,6,95
2026-01-15T10:58:00Z,16,9,102
2026-01-15T10:59:00Z,15,11,106
2026-01-15T11:00:00Z,6,8,104
2026-01-15T11:01:00Z,17,7,114
2026-01-15T11:02:00Z,12,9,117
2026-01-15T11:03:00Z,9,5,121
2026-01-15T11:04:00Z,7,3,125
2026-01-15T11:05:00Z,12,8,129
2026-01-15T11:06:00Z,12,12,129
2026-01-15T11:07:00Z,11,7,133
2026-01-15T11:08:00Z,15,10,138
2026-01-15T11:09:00Z,11,5,144
2026-01-15T11:10:00Z,13,9,148
2026-01-15T11:11:00Z,8,12,144
2026-01-15T11:12:00Z,8,14,138
2026-01-15T11:13:00Z,10,8,140
2026-01-15T11:14:00Z,15,10,145
2026-01-15T11:15:00Z,8,13,140
2026-01-15T11:16:00Z,9,7,142
2026-01-15T11:17:00Z,12,11,143
2026-01-15T11:18:00Z,13,11,145
2026-01-15T11:19:00Z,7,15,137
2026-01-15T11:20:00Z,12,5,144
2026-01-15T11:21:00Z,6,13,137
2026-01-15T11:22:00Z,10,9,138
2026-01-15T11:23:00Z,14,10,142
2026-01-15T11:24:00Z,12,12,142
2026-01-15T11:25:00Z,14,6,150
2026-01-15T11:26:00Z,12,7,155
2026-01-15T11:27:00Z,4,2,157
2026-01-15T11:28:00Z,13,11,159
2026-01-15T11:29:00Z,8,6,161
2026-01-15T11:30:00Z,7,10,158
2026-01-15T11:31:00Z,7,7,158
2026-01-15T11:32:00Z,14,7,165
2026-01-15T11:33:00Z,10,7,168
2026-01-15T11:34:00Z,10,14,164
2026-01-15T11:35:00Z,8,14,158
2026-01-15T11:36:00Z,4,10,152
2026-01-15T11:37:00Z,13,8,157
2026-01-15T11:38:00Z,14,8,163
2026-01-15T11:39:00Z,17,8,172
2026-01-15T11:40:00Z,11,6,177
2026-01-15T11:41:00Z,9,15,171
2026-01-15T11:42:00Z,9,12,168
2026-01-15T11:43:00Z,7,10,165
2026-01-15T11:44:00Z,6,7,164
2026-01-15T11:45:00Z,11,9,166
2026-01-15T11:46:00Z,6,11,161
2026-01-15T11:47:00Z,9,7,163
2026-01-15T11:48:00Z,6,6,163
2026-01-15T11:49:00Z,14,10,167
2026-01-15T11:50:00Z,13,10,170
2026-01-15T11:51:00Z,11,11,170
2026-01-15T11:52:00Z,14,7,177
2026-01-15T11:53:00Z,15,12,180
2026-01-15T11:54:00Z,20,9,191
2026-01-15T11:55:00Z,7,7,191
2026-01-15T11:56:00Z,8,6,193
2026-01-15T11:57:00Z,13,5,201
2026-01-15T11:58:00Z,10,6,205
2026-01-15T11:59:00Z,5,6,204
2026-01-15T12:00:00Z,12,6,210
2026-01-15T12:01:00Z,16,16,210
2026-01-15T12:02:00Z,8,9,209
2026-01-15T12:03:00Z,10,12,207
2026-01-15T12:04:00Z,5,12,200
2026-01-15T12:05:00Z,11,9,202
2026-01-15T12:06:00Z,8,11,199
2026-01-15T12:07:00Z,15,10,204
2026-01-15T12:08:00Z,13,7,210
2026-01-15T12:09:00Z,11,15,206
2026-01-15T12:10:00Z,10,12,204
2026-01-15T12:11:00Z,7,17,194
2026-01-15T12:12:00Z,8,9,193
2026-01-15T12:13:00Z,8,12,189
2026-01-15T12:14:00Z,13,8,194
2026-01-15T12:15:00Z,12,9,197
2026-01-15T12:16:00Z,10,7,200
2026-01-15T12:17:00Z,13,6,207
2026-01-15T12:18:00Z,8,6,209
2026-01-15T12:19:00Z,9,10,208
2026-01-15T12:20:00Z,11,6,213
2026-01-15T12:21:00Z,10,13,210
2026-01-15T12:22:00Z,9,8,211
2026-01-15T12:23:00Z,13,11,213
2026-01-15T12:24:00Z,6,7,212
2026-01-15T12:25:00Z,12,5,219
2026-01-15T12:26:00Z,19,6,232
2026-01-15T12:27:00Z,12,10,234
2026-01-15T12:28:00Z,14,8,240
2026-01-15T12:29:00Z,11,6,245
2026-01-15T12:30:00Z,12,12,245
2026-01-15T12:31:00Z,6,12,239
2026-01-15T12:32:00Z,15,9,245
2026-01-15T12:33:00Z,7,18,234
2026-01-15T12:34:00Z,9,6,237
2026-01-15T12:35:00Z,14,8,243
2026-01-15T12:36:00Z,12,7,248
2026-01-15T12:37:00Z,12,10,250
2026-01-15T12:38:00Z,16,7,259
2026-01-15T12:39:00Z,11,11,259
2026-01-15T12:40:00Z,3,7,255
2026-01-15T12:41:00Z,7,9,253
2026-01-15T12:42:00Z,14,7,260
2026-01-15T12:43:00Z,12,8,264
2026-01-15T12:44:00Z,10,11,263
2026-01-15T12:45:00Z,11,6,268
2026-01-15T12:46:00Z,13,11,270
2026-01-15T12:47:00Z,12,6,276
2026-01-15T12:48:00Z,8,14,270
2026-01-15T12:49:00Z,13,7,276
2026-01-15T12:50:00Z,9,8,277
2026-01-15T12:51:00Z,19,8,288
2026-01-15T12:52:00Z,7,15,280
2026-01-15T12:53:00Z,12,8,284
2026-01-15T12:54:00Z,10,13,281
2026-01-15T12:55:00Z,8,10,279
2026-01-15T12:56:00Z,7,10,276
2026-01-15T12:57:00Z,10,14,272
2026-01-15T12:58:00Z,17,5,284
2026-01-15T12:59:00Z,10,7,287
2026-01-15T13:00:00Z,6,5,288
2026-01-15T13:01:00Z,9,8,289
2026-01-15T13:02:00Z,4,8,285
2026-01-15T13:03:00Z,3,7,281
2026-01-15T13:04:00Z,6,10,277
2026-01-15T13:05:00Z,7,3,281
2026-01-15T13:06:00Z,5,16,270
2026-01-15T13:07:00Z,7,11,266
2026-01-15T13:08:00Z,12,8,270
2026-01-15T13:09:00Z,12,10,272
2026-01-15T13:10:00Z,6,14,264
2026-01-15T13:11:00Z,7,11,260
2026-01-15T13:12:00Z,9,9,260
2026-01-15T13:13:00Z,8,9,259
2026-01-15T13:14:00Z,12,12,259
2026-01-15T13:15:00Z,5,7,257
2026-01-15T13:16:00Z,10,6,261
2026-01-15T13:17:00Z,9,10,260
2026-01-15T13:18:00Z,4,8,256
2026-01-15T13:19:00Z,16,6,266
2026-01-15T13:20:00Z,7,10,263
2026-01-15T13:21:00Z,5,10,258
2026-01-15T13:22:00Z,7,13,252
2026-01-15T13:23:00Z,13,8,257
2026-01-15T13:24:00Z,5,5,257
2026-01-15T13:25:00Z,6,16,247
2026-01-15T13:26:00Z,8,10,245
2026-01-15T13:27:00Z,11,8,248
2026-01-15T13:28:00Z,9,17,240
2026-01-15T13:29:00Z,15,10,245
2026-01-15T13:30:00Z,5,7,243
2026-01-15T13:31:00Z,8,8,243
2026-01-15T13:32:00Z,5,9,239
2026-01-15T13:33:00Z,2,10,231
2026-01-15T13:34:00Z,12,3,240
2026-01-15T13:35:00Z,6,11,235
2026-01-15T13:36:00Z,13,10,238
2026-01-15T13:37:00Z,6,6,238
2026-01-15T13:38:00Z,5,12,231
2026-01-15T13:39:00Z,8,5,234
2026-01-15T13:40:00Z,7,14,227
2026-01-15T13:41:00Z,6,6,227
2026-01-15T13:42:00Z,4,6,225
2026-01-15T13:43:00Z,6,8,223
2026-01-15T13:44:00Z,11,9,225
2026-01-15T13:45:00Z,6,6,225
2026-01-15T13:46:00Z,9,11,223
2026-01-15T13:47:00Z,9,10,222
2026-01-15T13:48:00Z,11,10,223
2026-01-15T13:49:00Z,8,11,220
2026-01-15T13:50:00Z,7,10,217
2026-01-15T13:51:00Z,5,12,210
2026-01-15T13:52:00Z,9,11,208
2026-01-15T13:53:00Z,6,8,206
2026-01-15T13:54:00Z,8,8,206
2026-01-15T13:55:00Z,4,8,202
2026-01-15T13:56:00Z,7,9,200
2026-01-15T13:57:00Z,6,9,197
2026-01-15T13:58:00Z,6,9,194
2026-01-15T13:59:00Z,8,12,190
2026-01-15T14:00:00Z,8,9,189
2026-01-15T14:01:00Z,7,9,187
2026-01-15T14:02:00Z,14,5,196
2026-01-15T14:03:00Z,9,7,198
2026-01-15T14:04:00Z,14,10,202
2026-01-15T14:05:00Z,9,8,203
2026-01-15T14:06:00Z,6,4,205
2026-01-15T14:07:00Z,5,4,206
2026-01-15T14:08:00Z,6,7,205
2026-01-15T14:09:00Z,7,6,206
2026-01-15T14:10:00Z,11,8,209
2026-01-15T14:11:00Z,4,4,209
2026-01-15T14:12:00Z,12,12,209
2026-01-15T14:13:00Z,6,6,209
2026-01-15T14:14:00Z,10,7,212
2026-01-15T14:15:00Z,10,10,212
2026-01-15T14:16:00Z,11,8,215
2026-01-15T14:17:00Z,3,8,210
2026-01-15T14:18:00Z,8,6,212
2026-01-15T14:19:00Z,16,7,221
2026-01-15T14:20:00Z,8,6,223
2026-01-15T14:21:00Z,5,9,219
2026-01-15T14:22:00Z,3,10,212
2026-01-15T14:23:00Z,9,9,212
2026-01-15T14:24:00Z,0,10,202
2026-01-15T14:25:00Z,10,8,204
2026-01-15T14:26:00Z,14,11,207
2026-01-15T14:27:00Z,7,4,210
2026-01-15T14:28:00Z,6,8,208
2026-01-15T14:29:00Z,4,9,203
2026-01-15T14:30:00Z,3,4,202
2026-01-15T14:31:00Z,7,7,202
2026-01-15T14:32:00Z,7,10,199
2026-01-15T14:33:00Z,14,7,206
2026-01-15T14:34:00Z,6,11,201
2026-01-15T14:35:00Z,8,3,206
2026-01-15T14:36:00Z,9,8,207
2026-01-15T14:37:00Z,12,8,211
2026-01-15T14:38:00Z,8,11,208
2026-01-15T14:39:00Z,5,15,198
2026-01-15T14:40:00Z,9,6,201
2026-01-15T14:41:00Z,6,12,195
2026-01-15T14:42:00Z,4,10,189
2026-01-15T14:43:00Z,7,11,185
2026-01-15T14:44:00Z,3,11,177
2026-01-15T14:45:00Z,7,7,177
2026-01-15T14:46:00Z,11,9,179
2026-01-15T14:47:00Z,11,10,180
2026-01-15T14:48:00Z,7,9,178
2026-01-15T14:49:00Z,10,13,175
2026-01-15T14:50:00Z,9,6,178
2026-01-15T14:51:00Z,6,11,173
2026-01-15T14:52:00Z,15,5,183
2026-01-15T14:53:00Z,11,6,188
2026-01-15T14:54:00Z,6,4,190
2026-01-15T14:55:00Z,9,7,192
2026-01-15T14:56:00Z,6,10,188
2026-01-15T14:57:00Z,10,10,188
2026-01-15T14:58:00Z,5,7,186
2026-01-15T14:59:00Z,6,15,177
2026-01-15T15:00:00Z,9,7,179
2026-01-15T15:01:00Z,7,5,181
2026-01-15T15:02:00Z,2,8,175
2026-01-15T15:03:00Z,9,7,177
2026-01-15T15:04:00Z,14,7,184
2026-01-15T15:05:00Z,6,5,185
2026-01-15T15:06:00Z,8,13,180
2026-01-15T15:07:00Z,6,15,171
2026-01-15T15:08:00Z,9,9,171
2026-01-15T15:09:00Z,4,11,164
2026-01-15T15:10:00Z,9,12,161
2026-01-15T15:11:00Z,12,5,168
2026-01-15T15:12:00Z,14,7,175
2026-01-15T15:13:00Z,8,10,173
2026-01-15T15:14:00Z,13,11,175
2026-01-15T15:15:00Z,13,12,176
2026-01-15T15:16:00Z,9,9,176
2026-01-15T15:17:00Z,2,7,171
2026-01-15T15:18:00Z,8,7,172
2026-01-15T15:19:00Z,9,9,172
2026-01-15T15:20:00Z,2,12,162
2026-01-15T15:21:00Z,6,11,157
2026-01-15T15:22:00Z,6,9,154
2026-01-15T15:23:00Z,6,6,154
2026-01-15T15:24:00Z,11,12,153
2026-01-15T15:25:00Z,8,11,150
2026-01-15T15:26:00Z,6,9,147
2026-01-15T15:27:00Z,8,10,145
2026-01-15T15:28:00Z,5,15,135
2026-01-15T15:29:00Z,11,8,138
2026-01-15T15:30:00Z,6,8,136
2026-01-15T15:31:00Z,10,6,140
2026-01-15T15:32:00Z,10,3,147
2026-01-15T15:33:00Z,9,11,145
2026-01-15T15:34:00Z,5,5,145
2026-01-15T15:35:00Z,8,8,145
2026-01-15T15:36:00Z,7,16,136
2026-01-15T15:37:00Z,12,12,136
2026-01-15T15:38:00Z,10,8,138
2026-01-15T15:39:00Z,7,9,136
2026-01-15T15:40:00Z,3,9,130
2026-01-15T15:41:00Z,11,12,129
2026-01-15T15:42:00Z,3,5,127
2026-01-15T15:43:00Z,8,8,127
2026-01-15T15:44:00Z,13,11,129
2026-01-15T15:45:00Z,6,3,132
2026-01-15T15:46:00Z,7,14,125
2026-01-15T15:47:00Z,8,8,125
2026-01-15T15:48:00Z,10,15,120
2026-01-15T15:49:00Z,8,5,123
2026-01-15T15:50:00Z,3,9,117
2026-01-15T15:51:00Z,9,9,117
2026-01-15T15:52:00Z,4,12,109
2026-01-15T15:53:00Z,11,12,108
2026-01-15T15:54:00Z,5,13,100
2026-01-15T15:55:00Z,10,12,98
2026-01-15T15:56:00Z,5,9,94
2026-01-15T15:57:00Z,9,11,92
2026-01-15T15:58:00Z,8,10,90
2026-01-15T15:59:00Z,9,16,83
2026-01-15T16:00:00Z,6,15,74
2026-01-15T16:01:00Z,5,8,71
2026-01-15T16:02:00Z,11,10,72
2026-01-15T16:03:00Z,11,18,65
2026-01-15T16:04:00Z,7,10,62
2026-01-15T16:05:00Z,10,8,64
2026-01-15T16:06:00Z,11,5,70
2026-01-15T16:07:00Z,9,11,68
2026-01-15T16:08:00Z,8,8,68
2026-01-15T16:09:00Z,7,10,65
2026-01-15T16:10:00Z,4,9,60
2026-01-15T16:11:00Z,8,15,53
2026-01-15T16:12:00Z,1,7,47
2026-01-15T16:13:00Z,5,9,43
2026-01-15T16:14:00Z,5,7,41
2026-01-15T16:15:00Z,10,8,43
2026-01-15T16:16:00Z,6,10,39
2026-01-15T16:17:00Z,10,11,38
2026-01-15T16:18:00Z,6,11,33
2026-01-15T16:19:00Z,9,6,36
2026-01-15T16:20:00Z,6,16,26
2026-01-15T16:21:00Z,10,10,26
2026-01-15T16:22:00Z,10,11,25
2026-01-15T16:23:00Z,9,10,24
2026-01-15T16:24:00Z,7,9,22
2026-01-15T16:25:00Z,8,3,27
2026-01-15T16:26:00Z,4,11,20
2026-01-15T16:27:00Z,10,8,22
2026-01-15T16:28:00Z,11,11,22
2026-01-15T16:29:00Z,9,11,20
2026-01-15T16:30:00Z,11,11,20
2026-01-15T16:31:00Z,4,9,15
2026-01-15T16:32:00Z,10,11,14
2026-01-15T16:33:00Z,9,4,19
2026-01-15T16:34:00Z,10,10,19
2026-01-15T16:35:00Z,8,11,16
2026-01-15T16:36:00Z,6,13,9
2026-01-15T16:37:00Z,10,6,13
2026-01-15T16:38:00Z,11,9,15
2026-01-15T16:39:00Z,10,9,16
2026-01-15T16:40:00Z,11,11,16
2026-01-15T16:41:00Z,5,6,15
2026-01-15T16:42:00Z,12,12,15
2026-01-15T16:43:00Z,6,8,13
2026-01-15T16:44:00Z,9,13,9
2026-01-15T16:45:00Z,10,10,9
2026-01-15T16:46:00Z,6,10,5
2026-01-15T16:47:00Z,13,7,11
2026-01-15T16:48:00Z,7,11,7
2026-01-15T16:49:00Z,4,8,3
2026-01-15T16:50:00Z,5,12,-4
2026-01-15T16:51:00Z,5,9,-8
2026-01-15T16:52:00Z,7,6,-7
2026-01-15T16:53:00Z,3,12,-16
2026-01-15T16:54:00Z,6,8,-18
2026-01-15T16:55:00Z,7,15,-26
2026-01-15T16:56:00Z,7,13,-32
2026-01-15T16:57:00Z,6,16,-42
2026-01-15T16:58:00Z,8,4,-38
2026-01-15T16:59:00Z,7,11,-42
2026-01-15T17:00:00Z,11,8,-39
2026-01-15T17:01:00Z,25,11,-25
2026-01-15T17:02:00Z,6,7,-26
2026-01-15T17:03:00Z,7,13,-32
2026-01-15T17:04:00Z,15,12,-29
2026-01-15T17:05:00Z,15,13,-27
2026-01-15T17:06:00Z,10,12,-29
2026-01-15T17:07:00Z,14,7,-22
2026-01-15T17:08:00Z,9,9,-22
2026-01-15T17:09:00Z,9,11,-24
2026-01-15T17:10:00Z,12,9,-21
2026-01-15T17:11:00Z,15,9,-15
2026-01-15T17:12:00Z,13,12,-14
2026-01-15T17:13:00Z,10,13,-17
2026-01-15T17:14:00Z,19,4,-2
2026-01-15T17:15:00Z,11,9,0
2026-01-15T17:16:00Z,14,9,5
2026-01-15T17:17:00Z,19,9,15
2026-01-15T17:18:00Z,13,10,18
2026-01-15T17:19:00Z,17,9,26
2026-01-15T17:20:00Z,10,8,28
2026-01-15T17:21:00Z,21,5,44
2026-01-15T17:22:00Z,10,11,43
2026-01-15T17:23:00Z,17,10,50
2026-01-15T17:24:00Z,12,6,56
2026-01-15T17:25:00Z,10,12,54
2026-01-15T17:26:00Z,12,9,57
2026-01-15T17:27:00Z,7,9,55
2026-01-15T17:28:00Z,11,9,57
2026-01-15T17:29:00Z,9,13,53
2026-01-15T17:30:00Z,14,13,54
2026-01-15T17:31:00Z,8,11,51
2026-01-15T17:32:00Z,12,9,54
2026-01-15T17:33:00Z,14,10,58
2026-01-15T17:34:00Z,12,11,59
2026-01-15T17:35:00Z,14,14,59
2026-01-15T17:36:00Z,10,9,60
2026-01-15T17:37:00Z,14,13,61
2026-01-15T17:38:00Z,12,15,58
2026-01-15T17:39:00Z,11,6,63
2026-01-15T17:40:00Z,11,13,61
2026-01-15T17:41:00Z,8,9,60
2026-01-15T17:42:00Z,10,16,54
2026-01-15T17:43:00Z,17,13,58
2026-01-15T17:44:00Z,17,10,65
2026-01-15T17:45:00Z,11,11,65
2026-01-15T17:46:00Z,7,5,67
2026-01-15T17:47:00Z,13,15,65
2026-01-15T17:48:00Z,9,8,66
2026-01-15T17:49:00Z,9,8,67
2026-01-15T17:50:00Z,13,8,72
2026-01-15T17:51:00Z,12,14,70
2026-01-15T17:52:00Z,17,6,81
2026-01-15T17:53:00Z,10,6,85
2026-01-15T17:54:00Z,8,9,84
2026-01-15T17:55:00Z,16,9,91
2026-01-15T17:56:00Z,15,10,96
2026-01-15T17:57:00Z,11,8,99
2026-01-15T17:58:00Z,17,8,108
2026-01-15T17:59:00Z,17,10,115
2026-01-15T18:00:00Z,12,6,121
2026-01-15T18:01:00Z,16,7,130
2026-01-15T18:02:00Z,9,3,136
2026-01-15T18:03:00Z,15,15,136
2026-01-15T18:04:00Z,15,14,137
2026-01-15T18:05:00Z,12,9,140
2026-01-15T18:06:00Z,13,12,141
2026-01-15T18:07:00Z,10,9,142
2026-01-15T18:08:00Z,14,13,143
2026-01-15T18:09:00Z,16,8,151
2026-01-15T18:10:00Z,11,6,156
2026-01-15T18:11:00Z,16,16,156
2026-01-15T18:12:00Z,12,12,156
2026-01-15T18:13:00Z,16,12,160
2026-01-15T18:14:00Z,12,9,163
2026-01-15T18:15:00Z,7,9,161
2026-01-15T18:16:00Z,10,13,158
2026-01-15T18:17:00Z,16,12,162
2026-01-15T18:18:00Z,12,8,166
2026-01-15T18:19:00Z,14,15,165
2026-01-15T18:20:00Z,11,12,164
2026-01-15T18:21:00Z,8,7,165
2026-01-15T18:22:00Z,7,10,162
2026-01-15T18:23:00Z,13,8,167
2026-01-15T18:24:00Z,11,9,169
2026-01-15T18:25:00Z,13,13,169
2026-01-15T18:26:00Z,14,2,181
2026-01-15T18:27:00Z,13,11,183
2026-01-15T18:28:00Z,10,9,184
2026-01-15T18:29:00Z,15,11,188
2026-01-15T18:30:00Z,12,18,182
2026-01-15T18:31:00Z,14,11,185
2026-01-15T18:32:00Z,17,5,197
2026-01-15T18:33:00Z,14,10,201
2026-01-15T18:34:00Z,9,10,200
2026-01-15T18:35:00Z,16,11,205
2026-01-15T18:36:00Z,13,13,205
2026-01-15T18:37:00Z,17,16,206
2026-01-15T18:38:00Z,17,12,211
2026-01-15T18:39:00Z,12,9,214
2026-01-15T18:40:00Z,13,17,210
2026-01-15T18:41:00Z,12,5,217
2026-01-15T18:42:00Z,16,11,222
2026-01-15T18:43:00Z,15,15,222
2026-01-15T18:44:00Z,12,12,222
2026-01-15T18:45:00Z,7,13,216
2026-01-15T18:46:00Z,15,8,223
2026-01-15T18:47:00Z,20,12,231
2026-01-15T18:48:00Z,16,13,234
2026-01-15T18:49:00Z,14,7,241
2026-01-15T18:50:00Z,15,14,242
2026-01-15T18:51:00Z,14,13,243
2026-01-15T18:52:00Z,10,6,247
2026-01-15T18:53:00Z,16,10,253
2026-01-15T18:54:00Z,14,6,261
2026-01-15T18:55:00Z,16,10,267
2026-01-15T18:56:00Z,6,9,264
2026-01-15T18:57:00Z,14,9,269
2026-01-15T18:58:00Z,11,8,272
2026-01-15T18:59:00Z,10,12,270
2026-01-15T19:00:00Z,10,5,275
2026-01-15T19:01:00Z,13,6,282
2026-01-15T19:02:00Z,16,7,291
2026-01-15T19:03:00Z,12,7,296
2026-01-15T19:04:00Z,14,12,298
2026-01-15T19:05:00Z,15,11,302
2026-01-15T19:06:00Z,11,6,307
2026-01-15T19:07:00Z,12,10,309
2026-01-15T19:08:00Z,12,7,314
2026-01-15T19:09:00Z,8,9,313
2026-01-15T19:10:00Z,12,12,313
2026-01-15T19:11:00Z,10,10,313
2026-01-15T19:12:00Z,13,9,317
2026-01-15T19:13:00Z,14,9,322
2026-01-15T19:14:00Z,14,12,324
2026-01-15T19:15:00Z,12,11,325
2026-01-15T19:16:00Z,16,12,329
2026-01-15T19:17:00Z,14,5,338
2026-01-15T19:18:00Z,11,10,339
2026-01-15T19:19:00Z,14,9,344
2026-01-15T19:20:00Z,12,6,350
2026-01-15T19:21:00Z,11,10,351
2026-01-15T19:22:00Z,17,12,356
2026-01-15T19:23:00Z,17,16,357
2026-01-15T19:24:00Z,9,8,358
2026-01-15T19:25:00Z,13,14,357
2026-01-15T19:26:00Z,11,8,360
2026-01-15T19:27:00Z,13,16,357
2026-01-15T19:28:00Z,11,6,362
2026-01-15T19:29:00Z,6,7,361
2026-01-15T19:30:00Z,11,11,361
2026-01-15T19:31:00Z,17,12,366
2026-01-15T19:32:00Z,12,11,367
2026-01-15T19:33:00Z,9,8,368
2026-01-15T19:34:00Z,9,10,367
2026-01-15T19:35:00Z,9,5,371
2026-01-15T19:36:00Z,11,10,372
2026-01-15T19:37:00Z,11,8,375
2026-01-15T19:38:00Z,16,10,381
2026-01-15T19:39:00Z,7,16,372
2026-01-15T19:40:00Z,16,9,379
2026-01-15T19:41:00Z,15,12,382
2026-01-15T19:42:00Z,13,12,383
2026-01-15T19:43:00Z,12,9,386
2026-01-15T19:44:00Z,13,11,388
2026-01-15T19:45:00Z,9,4,393
2026-01-15T19:46:00Z,11,13,391
2026-01-15T19:47:00Z,12,8,395
2026-01-15T19:48:00Z,8,11,392
2026-01-15T19:49:00Z,8,10,390
2026-01-15T19:50:00Z,11,8,393
2026-01-15T19:51:00Z,12,9,396
2026-01-15T19:52:00Z,7,8,395
2026-01-15T19:53:00Z,10,13,392
2026-01-15T19:54:00Z,11,12,391
2026-01-15T19:55:00Z,5,12,384
2026-01-15T19:56:00Z,24,20,388
2026-01-15T19:57:00Z,13,14,387
2026-01-15T19:58:00Z,12,11,388
2026-01-15T19:59:00Z,16,16,388
2026-01-15T20:00:00Z,6,13,381
2026-01-15T20:01:00Z,11,10,382
2026-01-15T20:02:00Z,7,11,378
2026-01-15T20:03:00Z,10,12,376
2026-01-15T20:04:00Z,11,20,367
2026-01-15T20:05:00Z,6,9,364
2026-01-15T20:06:00Z,6,17,353
2026-01-15T20:07:00Z,11,9,355
2026-01-15T20:08:00Z,8,11,352
2026-01-15T20:09:00Z,7,15,344
2026-01-15T20:10:00Z,8,11,341
2026-01-15T20:11:00Z,2,10,333
2026-01-15T20:12:00Z,6,15,324
2026-01-15T20:13:00Z,4,9,319
2026-01-15T20:14:00Z,6,13,312
2026-01-15T20:15:00Z,8,8,312
2026-01-15T20:16:00Z,9,6,315
2026-01-15T20:17:00Z,10,13,312
2026-01-15T20:18:00Z,4,10,306
2026-01-15T20:19:00Z,9,11,304
2026-01-15T20:20:00Z,7,7,304
2026-01-15T20:21:00Z,6,11,299
2026-01-15T20:22:00Z,6,15,290
2026-01-15T20:23:00Z,6,8,288
2026-01-15T20:24:00Z,4,8,284
2026-01-15T20:25:00Z,12,9,287
2026-01-15T20:26:00Z,9,9,287
2026-01-15T20:27:00Z,8,15,280
2026-01-15T20:28:00Z,10,15,275
2026-01-15T20:29:00Z,7,12,270
2026-01-15T20:30:00Z,9,10,269
2026-01-15T20:31:00Z,9,20,258
2026-01-15T20:32:00Z,3,12,249
2026-01-15T20:33:00Z,6,19,236
2026-01-15T20:34:00Z,6,12,230
2026-01-15T20:35:00Z,9,14,225
2026-01-15T20:36:00Z,5,9,221
2026-01-15T20:37:00Z,12,12,221
2026-01-15T20:38:00Z,8,15,214
2026-01-15T20:39:00Z,8,16,206
2026-01-15T20:40:00Z,6,7,205
2026-01-15T20:41:00Z,8,4,209
2026-01-15T20:42:00Z,8,15,202
2026-01-15T20:43:00Z,5,15,192
2026-01-15T20:44:00Z,4,16,180
2026-01-15T20:45:00Z,4,14,170
2026-01-15T20:46:00Z,7,8,169
2026-01-15T20:47:00Z,12,10,171
2026-01-15T20:48:00Z,4,12,163
2026-01-15T20:49:00Z,6,11,158
2026-01-15T20:50:00Z,11,8,161
2026-01-15T20:51:00Z,7,9,159
2026-01-15T20:52:00Z,7,14,152
2026-01-15T20:53:00Z,4,11,145
2026-01-15T20:54:00Z,8,15,138
2026-01-15T20:55:00Z,8,13,133
2026-01-15T20:56:00Z,8,10,131
2026-01-15T20:57:00Z,10,4,137
2026-01-15T20:58:00Z,11,17,131
2026-01-15T20:59:00Z,9,14,126
2026-01-15T21:00:00Z,5,11,120
2026-01-15T21:01:00Z,5,11,114
2026-01-15T21:02:00Z,5,9,110
2026-01-15T21:03:00Z,8,6,112
2026-01-15T21:04:00Z,7,10,109
2026-01-15T21:05:00Z,9,8,110
2026-01-15T21:06:00Z,6,13,103
2026-01-15T21:07:00Z,9,12,100
2026-01-15T21:08:00Z,12,14,98
2026-01-15T21:09:00Z,9,14,93
2026-01-15T21:10:00Z,10,7,96
2026-01-15T21:11:00Z,7,16,87
2026-01-15T21:12:00Z,5,13,79
2026-01-15T21:13:00Z,11,12,78
2026-01-15T21:14:00Z,9,12,75
2026-01-15T21:15:00Z,12,14,73
2026-01-15T21:16:00Z,6,17,62
2026-01-15T21:17:00Z,9,9,62
2026-01-15T21:18:00Z,7,7,62
2026-01-15T21:19:00Z,6,10,58
2026-01-15T21:20:00Z,6,12,52
2026-01-15T21:21:00Z,6,10,48
2026-01-15T21:22:00Z,7,6,49
2026-01-15T21:23:00Z,7,13,43
2026-01-15T21:24:00Z,7,9,41
2026-01-15T21:25:00Z,8,12,37
2026-01-15T21:26:00Z,5,15,27
2026-01-15T21:27:00Z,6,11,22
2026-01-15T21:28:00Z,8,11,19
2026-01-15T21:29:00Z,3,12,10
2026-01-15T21:30:00Z,8,5,13
2026-01-15T21:31:00Z,19,17,15
2026-01-15T21:32:00Z,9,14,10
2026-01-15T21:33:00Z,7,13,4
2026-01-15T21:34:00Z,6,12,-2
2026-01-15T21:35:00Z,8,5,1
2026-01-15T21:36:00Z,8,10,-1
2026-01-15T21:37:00Z,7,4,2
2026-01-15T21:38:00Z,7,11,-2
2026-01-15T21:39:00Z,6,9,-5
2026-01-15T21:40:00Z,7,10,-8
2026-01-15T21:41:00Z,4,15,-19
2026-01-15T21:42:00Z,7,11,-23
2026-01-15T21:43:00Z,3,13,-33
2026-01-15T21:44:00Z,7,13,-39
2026-01-15T21:45:00Z,6,8,-41
2026-01-15T21:46:00Z,9,8,-40
2026-01-15T21:47:00Z,9,8,-39
2026-01-15T21:48:00Z,6,12,-45
2026-01-15T21:49:00Z,4,18,-59
2026-01-15T21:50:00Z,8,17,-68
2026-01-15T21:51:00Z,4,7,-71
2026-01-15T21:52:00Z,7,9,-73
2026-01-15T21:53:00Z,7,11,-77
2026-01-15T21:54:00Z,6,8,-79
2026-01-15T21:55:00Z,7,9,-81
2026-01-15T21:56:00Z,15,15,-81
2026-01-15T21:57:00Z,5,15,-91
2026-01-15T21:58:00Z,8,14,-97
2026-01-15T21:59:00Z,4,10,-103
2026-01-15T22:00:00Z,0,6,-109
2026-01-15T22:01:00Z,0,13,-122
2026-01-15T22:02:00Z,0,11,-133
2026-01-15T22:03:00Z,0,10,-143
2026-01-15T22:04:00Z,0,11,-154
2026-01-15T22:05:00Z,0,15,-169
2026-01-15T22:06:00Z,0,7,-176
2026-01-15T22:07:00Z,0,11,-187
2026-01-15T22:08:00Z,0,12,-199
2026-01-15T22:09:00Z,0,10,-209
2026-01-15T22:10:00Z,0,15,-224
2026-01-15T22:11:00Z,0,11,-235
2026-01-15T22:12:00Z,0,13,-248
2026-01-15T22:13:00Z,0,10,-258
2026-01-15T22:14:00Z,0,6,-264
2026-01-15T22:15:00Z,0,11,-275
2026-01-15T22:16:00Z,0,11,-286
2026-01-15T22:17:00Z,0,12,-298
2026-01-15T22:18:00Z,0,10,-308
2026-01-15T22:19:00Z,0,11,-319
2026-01-15T22:20:00Z,0,8,-327
2026-01-15T22:21:00Z,0,13,-340
2026-01-15T22:22:00Z,0,8,-348
2026-01-15T22:23:00Z,0,14,-362
2026-01-15T22:24:00Z,0,18,-380
2026-01-15T22:25:00Z,0,11,-391
2026-01-15T22:26:00Z,0,10,-401
2026-01-15T22:27:00Z,0,10,-411
2026-01-15T22:28:00Z,0,7,-418
2026-01-15T22:29:00Z,0,9,-427
2026-01-15T22:30:00Z,0,6,-433
2026-01-15T22:31:00Z,0,15,-448
2026-01-15T22:32:00Z,0,7,-455
2026-01-15T22:33:00Z,0,13,-468
2026-01-15T22:34:00Z,0,8,-476
2026-01-15T22:35:00Z,0,10,-486
2026-01-15T22:36:00Z,0,14,-500
2026-01-15T22:37:00Z,0,10,-510
2026-01-15T22:38:00Z,0,14,-524
2026-01-15T22:39:00Z,0,8,-532
2026-01-15T22:40:00Z,0,7,-539
2026-01-15T22:41:00Z,0,11,-550
2026-01-15T22:42:00Z,0,13,-563
2026-01-15T22:43:00Z,0,12,-575
2026-01-15T22:44:00Z,0,11,-586
2026-01-15T22:45:00Z,0,16,-602
2026-01-15T22:46:00Z,0,13,-615
2026-01-15T22:47:00Z,0,8,-623
2026-01-15T22:48:00Z,0,11,-634
2026-01-15T22:49:00Z,0,12,-646
2026-01-15T22:50:00Z,0,8,-654
2026-01-15T22:51:00Z,0,12,-666
2026-01-15T22:52:00Z,0,7,-673
2026-01-15T22:53:00Z,0,6,-679
2026-01-15T22:54:00Z,0,9,-688
2026-01-15T22:55:00Z,0,4,-692
2026-01-15T22:56:00Z,0,8,-700
